{"cameraMode":{"drawMode":0,"name":"Shaded","section":"Shading Mode"},"sceneLighting":false,"audioPlay":false,"sceneViewState":{"showFog":true,"showMaterialUpdate":false,"showSkybox":true,"showFlares":true,"showImageEffects":true,"showParticleSystems":true},"in2DMode":false,"pivot":{"x":-7.489999771118164,"y":1.5588102340698243,"z":11.1899995803833},"rotation":{"x":0.1315612941980362,"y":0.030055996030569078,"z":-0.003990649711340666,"w":0.9908443093299866},"size":4.286825656890869,"orthographic":false}