{"cameraMode":{"drawMode":0,"name":"Shaded","section":"Shading Mode"},"sceneLighting":false,"audioPlay":false,"sceneViewState":{"showFog":true,"showMaterialUpdate":false,"showSkybox":true,"showFlares":true,"showImageEffects":true,"showParticleSystems":true},"in2DMode":false,"pivot":{"x":-17.299999237060548,"y":8.199999809265137,"z":-17.299999237060548},"rotation":{"x":0.1315612941980362,"y":0.030055996030569078,"z":-0.003990649711340666,"w":0.9908443093299866},"size":28.578840255737306,"orthographic":false}